0,0.090774584,0.053272649,0.016031937,0.05637571,0.009982561,0.004707194,0.005369414,0.030247529,0.010575496,0.021722926,0.012160931,0.006469486,0.013275498,0.016388172,0.017478897,0.006733331,0.012633531,0.006576139,0.012790487,0.062833072,0.030174613,0.017730937,0.003009398,0.013709744,0.007587549,0.02196644,0.001526577,0.001631394,0.004331223,0.009092993,0.0076859,0.01600156,0.000971731,0.003819881,0.001460429,0.007224859,0.001728147,0.019730364,0.008579274,0.009177584,0.008281064,0.017736559,0.018152314,0.013047179,0.053358979,0.015707994,0.010013512,0.033829233,0.014256603,0.007285853,0.054811535,0.006304168,0.017653656,0.013379949,0.009961892,0.009953147,0.011133451,0.009075393,0.006870524,0.005915001,0.006616718,0.001991415,0.001076285,4.74E-05
0.005581836,0,0.406268651,0.027634868,0.058975933,0.005723107,0.002197543,0.001834891,0.011059753,0.003184039,0.006585605,0.002944203,0.001635739,0.003599272,0.004941481,0.006287282,0.003064171,0.007492858,0.005300344,0.015373161,0.187053207,0.029547662,0.018454574,0.002037537,0.007591345,0.005043616,0.010915099,0.000585695,0.000546237,0.001333782,0.002589173,0.002090791,0.00396391,0.000244102,0.001136414,0.000456333,0.002401532,0.000574374,0.007840523,0.002869584,0.003041184,0.003398449,0.006198952,0.007625872,0.006195051,0.021136163,0.006166762,0.003803504,0.010905519,0.004258157,0.001661533,0.009682836,0.001397221,0.030285429,0.003645604,0.00209236,0.002123932,0.002592166,0.002112222,0.001374319,0.001282682,0.001342811,0.00047556,0.000231216,1.03E-05
0.003757962,0.466067298,0,0.053412621,0.077278114,0.006380463,0.002188939,0.001775791,0.010672993,0.002987677,0.006292232,0.002692504,0.001496789,0.003316727,0.004588644,0.005935351,0.002964798,0.007315572,0.005290949,0.014699229,0.089035957,0.016533639,0.014321137,0.001607103,0.006003678,0.00441364,0.010032406,0.000546813,0.000503864,0.001225042,0.002349034,0.001907812,0.003594385,0.000217409,0.0010163,0.000412499,0.002188728,0.000516607,0.007118857,0.002550075,0.002630576,0.002995082,0.005237524,0.006463874,0.004839921,0.015305502,0.004827006,0.003094371,0.008706474,0.003240847,0.001264291,0.007253278,0.001251288,0.072103672,0.003426791,0.001831431,0.001897537,0.002328109,0.001905589,0.001218002,0.001149905,0.001173109,0.000431305,0.000205938,8.94E-06
0.002315312,0.064903514,0.10935015,0,0.335798574,0.012445144,0.00335706,0.002330183,0.014364543,0.003657621,0.007796393,0.003011339,0.001699539,0.003870431,0.005579434,0.007772474,0.004326392,0.011668797,0.009291384,0.022025037,0.044009804,0.010782954,0.014582463,0.001713875,0.006374305,0.005716679,0.013758495,0.00072114,0.00062934,0.001485666,0.002752418,0.00221478,0.004035456,0.00024217,0.001188406,0.000494298,0.00269171,0.000625401,0.009115667,0.003045141,0.003023661,0.003688522,0.005876884,0.00750311,0.004975788,0.013757915,0.004887869,0.003316863,0.00887735,0.003053916,0.001155282,0.006313242,0.00134878,0.163426718,0.00404039,0.001921662,0.002019787,0.00255102,0.002092272,0.001267901,0.001231602,0.00121857,0.000478598,0.000219394,9.42E-06
0.003054079,0.051957739,0.059346706,0.125963135,0,0.045844113,0.0101957,0.005453176,0.035540193,0.008046263,0.016905478,0.005976903,0.003449916,0.008113403,0.012366472,0.019118614,0.012629482,0.040674652,0.035845671,0.050073741,0.049246009,0.015159771,0.026557343,0.003548216,0.013408214,0.014719029,0.038700424,0.001838451,0.001480998,0.003342551,0.005961262,0.004679734,0.008164993,0.000497271,0.002623634,0.001118661,0.006289897,0.001451976,0.023050633,0.007029636,0.006788557,0.009057381,0.013028316,0.01740342,0.010216333,0.025112655,0.009913166,0.007090001,0.0180153,0.005783308,0.00211224,0.011014068,0.002613986,0.048951048,0.008318712,0.003694959,0.00385624,0.005045333,0.004123133,0.002370996,0.002361148,0.002315233,0.00095079,0.000421198,1.83E-05
0.002194158,0.020457145,0.019880625,0.018940973,0.186003583,0,0.031301651,0.013073633,0.087470138,0.015334919,0.034341823,0.009283975,0.005498935,0.013683531,0.022514657,0.039413816,0.026574761,0.04151456,0.014191819,0.013143678,0.018669054,0.007198822,0.010523256,0.001894547,0.00838464,0.008423981,0.042105294,0.003330237,0.002610229,0.005769096,0.009580075,0.00763046,0.012577608,0.000724346,0.003913291,0.001758053,0.010241765,0.00216998,0.032222813,0.009723573,0.008128908,0.01014135,0.013560653,0.015985034,0.007005607,0.016988472,0.007629051,0.006125048,0.016017956,0.004688046,0.001826706,0.009511279,0.003723864,0.014279044,0.014774076,0.004895928,0.005378654,0.007384117,0.006098906,0.003173481,0.003337744,0.003026027,0.001440778,0.000585693,2.41E-05
0.000992822,0.007537616,0.006544776,0.004902807,0.039695212,0.030036588,0,0.012577665,0.137715988,0.013828149,0.02511146,0.006265064,0.004004061,0.010949954,0.022618579,0.073841303,0.189890461,0.040247538,0.006967899,0.005528427,0.007765698,0.003445319,0.005145088,0.001127137,0.005545395,0.00554887,0.054860691,0.008012301,0.00385637,0.006651745,0.009518083,0.006617373,0.009393633,0.000607805,0.004385736,0.002175608,0.01472203,0.00298688,0.055401984,0.012706497,0.009086772,0.012558766,0.013488324,0.015183869,0.004850742,0.010732224,0.005617077,0.005104512,0.012780818,0.003303148,0.001253971,0.006099156,0.002511163,0.003766221,0.009873074,0.003433002,0.003492772,0.00526819,0.004233247,0.001988821,0.002170828,0.00205686,0.001007847,0.000390183,1.78E-05
0.000529819,0.002944407,0.002483958,0.001592087,0.009932571,0.005869089,0.00588425,0,0.343508659,0.069355144,0.151274836,0.011126291,0.007871548,0.027047581,0.069194876,0.063174934,0.006757277,0.004642828,0.00132948,0.001445978,0.002745311,0.001245087,0.001510832,0.000321248,0.001618181,0.001268428,0.008396095,0.002136491,0.003466241,0.01067484,0.014671825,0.013257771,0.016284487,0.000794655,0.003834014,0.00187452,0.010055404,0.00161224,0.012655479,0.005842726,0.003739188,0.00311007,0.004819139,0.004245255,0.001518141,0.003935387,0.001925549,0.00170761,0.005007304,0.001354957,0.000599149,0.003168863,0.003470597,0.001398644,0.027257611,0.003865977,0.004575939,0.007800546,0.006500818,0.002363442,0.002942118,0.00227027,0.001666686,0.000506353,1.89E-05
0.00069998,0.004162253,0.003501337,0.002301781,0.015181943,0.009209365,0.015110223,0.080562535,0,0.045137701,0.065705248,0.010029727,0.00706184,0.023170019,0.071671399,0.310418984,0.017628355,0.008839399,0.002250907,0.002283508,0.004040495,0.001854752,0.002366295,0.000519585,0.002650758,0.002158464,0.016622052,0.00639085,0.008584762,0.017264174,0.019394731,0.013657776,0.015859083,0.00095185,0.006508291,0.003537763,0.022487226,0.00335651,0.028028753,0.011605675,0.006816851,0.006039452,0.008484429,0.007560316,0.002477313,0.006116593,0.003132008,0.002873751,0.008116214,0.002106357,0.000893712,0.004543506,0.003544274,0.001949433,0.018905653,0.004407523,0.004702499,0.007957581,0.006413164,0.002499821,0.002977842,0.00257112,0.00159242,0.000529164,2.27E-05
0.000369422,0.001808789,0.001479476,0.000884703,0.005188338,0.002437125,0.002290219,0.024552773,0.068134312,0,0.151599273,0.016696919,0.015243722,0.091163602,0.312596025,0.030557075,0.003071505,0.002412216,0.000726034,0.000833716,0.001695704,0.000796586,0.000918035,0.000199913,0.001031208,0.000751958,0.004766347,0.001174188,0.002783693,0.015651724,0.027501361,0.037501231,0.03008829,0.001260798,0.004195199,0.001891559,0.008263641,0.001295629,0.0078267,0.004554277,0.002856642,0.002000409,0.003474869,0.002795334,0.000996556,0.002679842,0.001316949,0.001179258,0.003647743,0.000982302,0.000458842,0.002465033,0.004579744,0.000791883,0.039846962,0.004703724,0.005566825,0.011709673,0.009564051,0.00262983,0.003644847,0.002650776,0.002607076,0.000634487,2.31E-05
0.000702051,0.003461252,0.00288275,0.001744699,0.010085317,0.005049492,0.003847804,0.049546914,0.09176024,0.140257201,0,0.031736899,0.022445199,0.07637674,0.084725299,0.033160637,0.004748349,0.004071839,0.001286496,0.001508818,0.003126474,0.00142515,0.001624315,0.00034011,0.001711436,0.001268032,0.007453769,0.001484801,0.002595049,0.010252953,0.019240897,0.0253354,0.038903282,0.0013147,0.004097693,0.001789956,0.008428067,0.001455446,0.010714356,0.005506204,0.003788217,0.002905498,0.004981266,0.004253672,0.001627338,0.004447159,0.002096903,0.001813054,0.005565163,0.00156064,0.000727696,0.004017317,0.007639496,0.001594957,0.165216357,0.007033403,0.009884133,0.017249666,0.015338684,0.004797115,0.006543891,0.00416047,0.004194498,0.001065469,3.19E-05
0.00041424,0.001630948,0.00130015,0.000710267,0.003758143,0.001438776,0.001011816,0.003840921,0.014763135,0.016281687,0.03345026,0,0.122039018,0.055932276,0.020053335,0.007735755,0.001389328,0.001436763,0.000494138,0.000630292,0.001462579,0.000694355,0.000724801,0.000153523,0.000786547,0.000530241,0.002796214,0.000448789,0.000793032,0.00337665,0.00965511,0.017750544,0.146327191,0.001435706,0.001966005,0.000726893,0.003008746,0.000583051,0.003973897,0.002357429,0.001793845,0.001201519,0.002390223,0.001902534,0.000772651,0.002271882,0.001038433,0.000880331,0.002921302,0.000850186,0.000437049,0.00257071,0.039406825,0.000669937,0.059065202,0.013422354,0.039510701,0.083791677,0.138044331,0.012134756,0.031656072,0.008020106,0.063373026,0.00396579,4.60E-05
0.000252833,0.001039596,0.000829232,0.000459908,0.002488764,0.000977723,0.000741916,0.00311762,0.011925742,0.017054231,0.027141667,0.140015707,0,0.111841719,0.021259472,0.006400762,0.001031539,0.001012235,0.000337509,0.000420978,0.000949593,0.000453793,0.000483397,0.000103993,0.00053728,0.000364743,0.00201103,0.000353317,0.0006821,0.003233286,0.01009967,0.025584231,0.341280758,0.001451371,0.001713037,0.000632363,0.002529961,0.000474228,0.003007664,0.001860274,0.001353674,0.000880517,0.001737632,0.00135575,0.000529215,0.001527527,0.000715599,0.000618426,0.002040901,0.00057895,0.000293884,0.001685536,0.015455849,0.000427318,0.039612093,0.008231702,0.014474513,0.05619347,0.057196586,0.0050499,0.010446605,0.004534853,0.027183666,0.001688267,3.23E-05
0.000395986,0.001745948,0.001402462,0.000799402,0.00446729,0.001856956,0.001548575,0.008176311,0.029864823,0.077844619,0.070492058,0.048978621,0.085363035,0,0.089750981,0.016000838,0.00215756,0.001946057,0.000621393,0.000749649,0.001621142,0.000773859,0.000850964,0.000185275,0.000961561,0.000667449,0.003914786,0.00079184,0.001732901,0.009738576,0.030718718,0.131768719,0.141088504,0.002616332,0.003958284,0.001530001,0.006015728,0.001051127,0.006205437,0.003915151,0.002651934,0.001719509,0.003269716,0.002536871,0.000943973,0.002645354,0.001273369,0.001123974,0.003633436,0.001000724,0.000492596,0.002733887,0.010721395,0.00073,0.061139665,0.008977403,0.011518104,0.033834515,0.027418564,0.00477388,0.007784923,0.004871618,0.008536794,0.001357513,4.14E-05
0.000428963,0.002103455,0.001702649,0.001011243,0.005975119,0.002681194,0.002807016,0.018355342,0.081066048,0.23423411,0.068620163,0.01540956,0.014238953,0.078758741,0,0.049066742,0.004018757,0.003024527,0.000885086,0.001004133,0.002017939,0.000965715,0.001121825,0.000250635,0.001314478,0.000948008,0.006308831,0.001787643,0.005702421,0.055308908,0.077418389,0.06347512,0.033003357,0.001999857,0.008431753,0.00396209,0.015772102,0.00226066,0.011430643,0.007433044,0.004306237,0.002803222,0.004922701,0.003787698,0.001284181,0.0034116,0.001726246,0.001585347,0.004923973,0.001286737,0.000599665,0.003152502,0.004980574,0.000894069,0.025620432,0.005807092,0.005986447,0.013179185,0.010132579,0.00286801,0.003858395,0.003190502,0.002653942,0.000702871,3.06E-05
0.000538139,0.003147968,0.00259047,0.001656975,0.010865467,0.005520809,0.010778796,0.019711725,0.412983479,0.026932071,0.03159023,0.006991938,0.00504253,0.01651557,0.057713646,0,0.017264749,0.007566252,0.001815675,0.001813545,0.003172937,0.00150811,0.00194325,0.000448829,0.002366198,0.001886213,0.016541436,0.014109552,0.024934304,0.022860515,0.020436797,0.011296125,0.0120489,0.000869395,0.008929687,0.005792094,0.048229021,0.005705519,0.037682223,0.017015876,0.008274108,0.006798646,0.009233243,0.007691288,0.002255148,0.005421672,0.002933641,0.002829995,0.007940533,0.001950809,0.000817063,0.004009221,0.002673736,0.001384252,0.011187085,0.003614981,0.003511765,0.006127383,0.004783979,0.001876033,0.002203876,0.002074617,0.001167144,0.00040319,1.96E-05
0.000921169,0.006817259,0.00574985,0.004098376,0.031893844,0.016540665,0.12316956,0.009368734,0.104213868,0.012029251,0.020100271,0.005579933,0.003611037,0.009895621,0.021004499,0.076716645,0,0.048117507,0.006885453,0.005306438,0.007346292,0.003403711,0.00518619,0.001223239,0.006274908,0.006293534,0.091111777,0.013939208,0.004446958,0.006828518,0.009633295,0.006267002,0.00867883,0.000604413,0.005017505,0.002537076,0.018411746,0.003989179,0.10617901,0.01757206,0.012263374,0.01974091,0.017837092,0.020368284,0.005567239,0.011696842,0.006556433,0.006302386,0.0151635,0.003705476,0.001363726,0.006392848,0.002313751,0.003130603,0.008285405,0.003299864,0.00320151,0.004898436,0.003881338,0.001826562,0.001981265,0.001962656,0.000917266,0.000361246,1.76E-05
0.001303762,0.012575009,0.010702217,0.008338272,0.077483499,0.019491627,0.019692625,0.004855745,0.039418539,0.007126356,0.013002113,0.004352848,0.002672955,0.006732863,0.011924553,0.025361456,0.036296702,0,0.041543395,0.01657351,0.015261747,0.006883993,0.01382237,0.003287413,0.015273281,0.025457071,0.243355437,0.003365123,0.001924283,0.003647536,0.005976239,0.004168551,0.006488084,0.000444625,0.003076375,0.001383511,0.008634641,0.002116976,0.054982862,0.010768376,0.010350423,0.022191081,0.020380006,0.033923891,0.011714734,0.021257861,0.011528694,0.009971887,0.021154303,0.005536445,0.001813258,0.008312728,0.001910445,0.005625289,0.006009282,0.002827526,0.002723261,0.003874494,0.003085419,0.001619617,0.00166913,0.001718972,0.000715049,0.000304806,1.49E-05
0.00168337,0.022064793,0.019199683,0.01646893,0.169378029,0.016528015,0.008456704,0.003448975,0.024898339,0.005320387,0.010189826,0.003713402,0.002210707,0.005332683,0.008655762,0.015096157,0.012883432,0.103047381,0,0.070589145,0.030222721,0.012262704,0.035123334,0.006164391,0.021950966,0.049513192,0.071042062,0.001717152,0.0012119,0.00253124,0.004414086,0.003232658,0.00536344,0.000356437,0.002163294,0.000929361,0.005419928,0.001329044,0.026543892,0.006810126,0.007078514,0.012223326,0.015099915,0.02536955,0.014595432,0.02756693,0.012442582,0.009051089,0.019858834,0.005934318,0.001896777,0.008962417,0.001668431,0.009586052,0.004974249,0.002485928,0.002423101,0.003295053,0.002641434,0.001476321,0.001478638,0.001534735,0.00060676,0.000269128,1.28E-05
0.002260425,0.044182812,0.036825564,0.026952311,0.163352124,0.010568027,0.004632285,0.002589788,0.017438522,0.004217926,0.008250677,0.003270089,0.001903704,0.004441522,0.006779619,0.010410011,0.006854827,0.028382056,0.048734028,0,0.081605325,0.02667504,0.133103055,0.008891517,0.024340884,0.030545445,0.032955214,0.001100619,0.000874245,0.001938522,0.003535479,0.002666866,0.004635854,0.000303713,0.001686939,0.00070206,0.003920911,0.000964272,0.016542924,0.004961193,0.005377426,0.007846136,0.011819879,0.018456755,0.015516944,0.034824257,0.01245074,0.007861692,0.018563886,0.006322904,0.002027578,0.009962972,0.001507773,0.014528472,0.004227628,0.002276279,0.002222236,0.00291764,0.002345791,0.001382843,0.00134984,0.001422376,0.000534235,0.000245698,1.16E-05
0.004761793,0.23053382,0.095653222,0.023094476,0.068891415,0.006436928,0.002790317,0.002108499,0.013231865,0.003678833,0.007331397,0.003253992,0.001841436,0.004118831,0.005842536,0.007810224,0.004069499,0.011207608,0.008947615,0.03499434,0,0.135483698,0.061344191,0.004848723,0.015931262,0.009851805,0.016702866,0.000767099,0.0006872,0.001628814,0.003129746,0.00244733,0.004511118,0.000290198,0.001440422,0.000578921,0.003083072,0.000756169,0.011007891,0.003874219,0.004291049,0.005112082,0.009315273,0.012401107,0.012166722,0.041534211,0.010974959,0.006300031,0.017274327,0.006958777,0.002449315,0.013353197,0.001557032,0.018078784,0.003997532,0.002395587,0.002341323,0.00293186,0.002365155,0.001501237,0.00141272,0.001522643,0.000532286,0.00025737,1.20E-05
0.004898304,0.078003553,0.038047348,0.012120435,0.045426418,0.005316668,0.002651699,0.002048346,0.013010503,0.003701814,0.007158374,0.003309026,0.001884945,0.004211496,0.005989135,0.007951645,0.004038752,0.010828564,0.007776456,0.024502262,0.290207626,0,0.070058129,0.007442576,0.025032797,0.01134311,0.018088495,0.000800776,0.000722764,0.001707846,0.003318264,0.002549092,0.004679666,0.000312161,0.001579308,0.000626336,0.003311532,0.000832564,0.01212178,0.00436972,0.005106687,0.005986856,0.0117566,0.01586829,0.019775255,0.083798811,0.017198012,0.0088226,0.024640433,0.011031369,0.003610571,0.019070568,0.001620845,0.009768462,0.00394763,0.002580785,0.002431143,0.003062899,0.002449756,0.001563784,0.001461679,0.001635912,0.000548416,0.000269172,1.32E-05
0.002625575,0.044441023,0.030062299,0.014952027,0.072592075,0.007089523,0.003612238,0.002267297,0.015141397,0.003891613,0.007442396,0.003150841,0.001831612,0.004224491,0.006346422,0.009346332,0.005613474,0.019833607,0.020317953,0.111526446,0.119862675,0.063906831,0,0.025012732,0.047544789,0.033465604,0.029618111,0.000998275,0.000821672,0.001843934,0.003439879,0.002572981,0.004518961,0.0003045,0.001684084,0.000686649,0.003769119,0.000951869,0.015882271,0.005028293,0.005815164,0.008179923,0.013732567,0.022050139,0.027366613,0.064958364,0.019172504,0.010519407,0.02484949,0.00927195,0.002745727,0.013135737,0.001495097,0.009876044,0.003919297,0.002332431,0.002209463,0.002883232,0.002303128,0.001388232,0.001336024,0.001459494,0.00052067,0.000245397,1.20E-05
0.001560779,0.017185195,0.011815644,0.006154849,0.033969066,0.004470347,0.002771591,0.001688501,0.011644539,0.002968117,0.005457962,0.002337494,0.001380068,0.003221432,0.004966093,0.007560706,0.004637281,0.016521232,0.012489451,0.026093638,0.033182328,0.02377831,0.087605241,0,0.22519261,0.053774049,0.030797518,0.000858076,0.000685382,0.001496484,0.002778626,0.002009929,0.003446248,0.000243094,0.001439953,0.000584998,0.00323902,0.000849435,0.015256908,0.004666811,0.005821322,0.00904064,0.015433958,0.029834027,0.065424045,0.085586622,0.029956539,0.014572694,0.029637205,0.010556914,0.002631894,0.011307878,0.001121797,0.004351264,0.002863018,0.001797524,0.001642759,0.00219111,0.001733212,0.001024952,0.000992144,0.001114667,0.00039125,0.000184073,9.49E-06
0.001341078,0.012076208,0.008325186,0.004317515,0.024210702,0.003731497,0.002571863,0.001604174,0.011204668,0.002887677,0.005180063,0.002258728,0.001344812,0.003153348,0.004912346,0.007517882,0.004486653,0.014477161,0.008388218,0.013472806,0.020563289,0.015084468,0.031407603,0.042473403,0,0.037633756,0.032767926,0.000879554,0.000701377,0.001514874,0.00282078,0.001999257,0.003388563,0.00024663,0.001518753,0.000612373,0.003388727,0.000914312,0.016806364,0.005178473,0.006914175,0.011091737,0.020370525,0.04518128,0.267654849,0.117502838,0.059072524,0.024393207,0.042758171,0.014434686,0.00310898,0.012284657,0.001095748,0.003177873,0.002725723,0.00179193,0.001596777,0.00215493,0.001693347,0.000993453,0.000963099,0.00110537,0.00038149,0.000179952,9.61E-06
0.001632802,0.017650673,0.01346421,0.008518286,0.058468642,0.008247522,0.005661445,0.00276629,0.020071555,0.004632374,0.008443293,0.003349812,0.002008425,0.00481527,0.007793904,0.013183857,0.009899587,0.053084396,0.041624057,0.037194228,0.027974708,0.015036963,0.048633768,0.022312233,0.082791346,0,0.0897171,0.001599897,0.001149131,0.002382635,0.004248062,0.003011833,0.004979191,0.000351235,0.002238001,0.000938334,0.005411985,0.001414585,0.030021524,0.007740277,0.009199419,0.018133293,0.023383907,0.052644552,0.040991527,0.05171322,0.026857109,0.018165189,0.033593699,0.009779529,0.002665558,0.011518973,0.001562587,0.00571997,0.004256258,0.002446564,0.002264005,0.003097972,0.002452084,0.001387807,0.001374072,0.00150409,0.000558305,0.000253922,1.30E-05
0.00113551,0.009175846,0.007351708,0.004924686,0.036928252,0.009902435,0.013445694,0.004398536,0.037129584,0.007053338,0.011922214,0.004243424,0.002660029,0.006784376,0.01245923,0.027773094,0.034426765,0.121898596,0.014346245,0.009639454,0.011393049,0.005760095,0.010339411,0.003069624,0.017316317,0.021551347,0,0.004554943,0.002336917,0.00413427,0.006723734,0.004395874,0.006606236,0.00049002,0.00391826,0.001764719,0.011403809,0.003092669,0.127567847,0.017303766,0.018211737,0.073380804,0.038585197,0.0781501,0.014707714,0.023851551,0.015907543,0.016544765,0.031044499,0.007002686,0.002172434,0.009275133,0.001912537,0.003581858,0.005609437,0.002956433,0.002696822,0.003942665,0.003090611,0.00159522,0.00164779,0.001775959,0.000712809,0.000305714,1.61E-05
0.000624952,0.003899301,0.003173356,0.002044204,0.013892875,0.006202652,0.015551637,0.008863983,0.113055319,0.013760798,0.018808157,0.005393676,0.00370109,0.01086767,0.0279589,0.187612252,0.041711587,0.013349209,0.002746175,0.002549543,0.004143789,0.002019459,0.00275985,0.000677317,0.003681001,0.003043605,0.036072805,0,0.012654842,0.011668075,0.013820504,0.007561767,0.009151298,0.000719077,0.008820192,0.005363956,0.055825998,0.010333595,0.14292899,0.035059246,0.015593127,0.015791596,0.016770184,0.014326185,0.003512593,0.007820436,0.004573329,0.004706392,0.012290569,0.00281826,0.001102158,0.00511376,0.00224765,0.001649658,0.007724074,0.00329493,0.003018619,0.00498402,0.003856191,0.001673665,0.001870752,0.001907954,0.000915483,0.000347406,1.83E-05
0.000414463,0.002256813,0.001814647,0.001107104,0.006945336,0.003017029,0.004645113,0.00892453,0.094245235,0.020245382,0.020399628,0.005914691,0.004434161,0.014759487,0.055347408,0.205751958,0.008258105,0.004737206,0.001202777,0.001256774,0.002303711,0.001131148,0.001409719,0.000335736,0.001821604,0.001356639,0.011485209,0.00785336,0,0.044710347,0.029489358,0.011836219,0.011235087,0.00099053,0.018464692,0.018531214,0.216233765,0.010982496,0.03124125,0.023811682,0.009112212,0.005707447,0.008742987,0.006391991,0.001790824,0.004380442,0.002437227,0.002427801,0.00710231,0.001683943,0.000725565,0.003511177,0.002394977,0.000934591,0.008317161,0.003462935,0.003082444,0.005685,0.004294625,0.001630181,0.001924312,0.001940041,0.001036533,0.000361851,1.98E-05
0.000446838,0.002237751,0.001791606,0.001061298,0.006365456,0.002707831,0.003253614,0.011160938,0.076964365,0.046225288,0.032729425,0.010226817,0.008535333,0.033682614,0.217994654,0.076602949,0.0051494,0.003646412,0.001020151,0.001131638,0.002217323,0.001085386,0.001284672,0.00029768,0.001597687,0.001142261,0.008251014,0.002940429,0.018156026,0,0.140356066,0.033824048,0.022144071,0.002083426,0.023443462,0.014180081,0.044262216,0.00500635,0.017674322,0.014055168,0.006860438,0.004002805,0.007033093,0.005076258,0.001581504,0.004094125,0.002171393,0.002078344,0.006428347,0.001597622,0.000731949,0.00370045,0.00395326,0.000921137,0.013953925,0.005455607,0.004861442,0.010131753,0.007491658,0.002441355,0.003065776,0.002968455,0.001851542,0.00058038,3.13E-05
0.00055418,0.00256621,0.002029481,0.001161541,0.006706468,0.002656359,0.002750325,0.009062074,0.051077754,0.047981715,0.036284309,0.017274908,0.015750258,0.062765003,0.18025986,0.040455395,0.0042915,0.003529378,0.001050935,0.00121924,0.002516927,0.001245807,0.001415775,0.000326522,0.001757472,0.001203102,0.00792726,0.002057499,0.007074279,0.082915424,0,0.104462344,0.046191511,0.006566102,0.027693526,0.009520147,0.025703559,0.004010871,0.015493247,0.013030848,0.007330386,0.003944838,0.007701252,0.005370656,0.001763196,0.004751265,0.002466314,0.002321108,0.007526625,0.001911977,0.000922194,0.004785278,0.007097102,0.001025567,0.019168687,0.010201915,0.008300644,0.01994896,0.013889774,0.004001576,0.00523192,0.005299811,0.003411493,0.001026658,6.17E-05
0.000397088,0.001756667,0.001397266,0.000792316,0.004462977,0.001793562,0.001620944,0.006941636,0.030491296,0.055464484,0.040501319,0.026922666,0.033822111,0.228231013,0.125287084,0.018955751,0.002366693,0.002086908,0.000652443,0.000779632,0.001668407,0.000811285,0.000897709,0.000200222,0.001055931,0.000723087,0.00439345,0.000954304,0.002407009,0.016938603,0.088553888,0,0.102000318,0.005649599,0.006653882,0.002424604,0.008531326,0.001460815,0.007490003,0.005266259,0.003403044,0.002035793,0.003971583,0.002939704,0.001048742,0.002914148,0.001441193,0.001301462,0.004250256,0.001138417,0.00056236,0.003056584,0.009014494,0.000714761,0.026780202,0.0099593,0.00969128,0.029743823,0.020714486,0.004211908,0.006313639,0.005134485,0.005597114,0.001204174,5.25E-05
0.000326575,0.001315625,0.001039915,0.000570283,0.003076018,0.001167867,0.000908961,0.003368177,0.01398632,0.017579093,0.024567284,0.087672003,0.178225419,0.096534701,0.025732998,0.007987087,0.001294711,0.00128311,0.000427618,0.000535363,0.001214851,0.000588345,0.000622826,0.000135614,0.000706988,0.000472224,0.002608219,0.000456221,0.000902549,0.004380654,0.015468191,0.040293131,0,0.003151744,0.002537459,0.00089567,0.003447069,0.00065704,0.003985878,0.002589101,0.001892236,0.001176594,0.002391255,0.001816573,0.00070257,0.002038681,0.000962631,0.000837488,0.002805869,0.00079071,0.000407812,0.002337192,0.026065887,0.000527913,0.027390119,0.015381672,0.021304528,0.16250682,0.105532403,0.007189714,0.014861415,0.007866566,0.037645637,0.002793389,6.14E-05
0.000737959,0.003014706,0.002340532,0.001273452,0.006970935,0.002502684,0.002188473,0.006115955,0.031236235,0.027410015,0.03089317,0.032008565,0.028203371,0.066611538,0.058022443,0.021444847,0.003355136,0.003271944,0.001057451,0.001305107,0.002908024,0.001460362,0.001561636,0.000355958,0.00191473,0.001239516,0.007198944,0.001333931,0.002960919,0.015336435,0.081818172,0.083044699,0.117277779,0,0.013131986,0.003814975,0.012483885,0.002482691,0.012263823,0.009692369,0.006839676,0.003594554,0.007866491,0.005417858,0.001950138,0.005593999,0.00278053,0.002522899,0.008716756,0.002329119,0.00122111,0.006702172,0.018608888,0.001152117,0.022227889,0.03523181,0.019781214,0.062044954,0.035425716,0.008983771,0.012189932,0.015765467,0.007834876,0.002713671,0.000259042
0.000730946,0.003536385,0.002756828,0.001574624,0.009267246,0.003406841,0.003978953,0.007435137,0.053815426,0.022980843,0.024261901,0.011044216,0.008387627,0.025392955,0.061640278,0.055499832,0.007018008,0.005704286,0.001617121,0.001826552,0.003636998,0.001861652,0.002176239,0.000531278,0.002970969,0.001990049,0.01450433,0.004122736,0.013907555,0.04348282,0.086950098,0.024644445,0.023791047,0.003308873,0,0.082136971,0.094604532,0.019114767,0.03576577,0.052279689,0.021492465,0.008567007,0.017680967,0.010693971,0.003053167,0.007892048,0.004442943,0.004502009,0.01458756,0.003372204,0.001569147,0.007550044,0.005154128,0.00135531,0.01234144,0.008795649,0.006493899,0.012677066,0.009023501,0.00343376,0.003993519,0.004722038,0.002099996,0.000792251,5.71E-05
0.000481293,0.002445673,0.0019271,0.001127962,0.006805178,0.002635938,0.003399387,0.006260643,0.050380451,0.017845427,0.018252452,0.007032574,0.005332517,0.016904079,0.049884386,0.061998988,0.006111573,0.004418127,0.001196479,0.001309184,0.002517479,0.001271548,0.001528168,0.000371725,0.002063103,0.001436992,0.011250546,0.004318036,0.024038431,0.045296871,0.051478869,0.015466013,0.014462914,0.001655522,0.141459529,0,0.208988365,0.021414104,0.030411193,0.041142298,0.014047305,0.006421498,0.011746849,0.007526839,0.002088496,0.005251318,0.002970338,0.003019049,0.009349615,0.002159659,0.000967835,0.004636671,0.003095646,0.000962143,0.00857986,0.00492473,0.003932856,0.007514811,0.005479372,0.002079791,0.002433618,0.002692864,0.001295166,0.000472316,3.02E-05
0.000587295,0.0031747,0.00252215,0.001515067,0.009438054,0.003787703,0.00567395,0.008283737,0.078989107,0.019229868,0.021198484,0.007180047,0.005262324,0.016394038,0.048981013,0.127337215,0.010939879,0.006801392,0.001721124,0.001803479,0.003306956,0.001658258,0.002069065,0.000507667,0.002816041,0.002044333,0.017932705,0.011084993,0.06918687,0.034875511,0.03428282,0.013423074,0.013729537,0.00133626,0.040188649,0.051548977,0,0.052926253,0.058393363,0.068728178,0.01917202,0.010146558,0.016030693,0.010788861,0.002814791,0.006798749,0.003927734,0.004060638,0.011925961,0.002708238,0.001156979,0.005443915,0.003082603,0.001271778,0.009368932,0.004747962,0.003996565,0.007235973,0.005401039,0.002149443,0.002475292,0.002654025,0.001280742,0.000472322,2.81E-05
0.000500756,0.002706622,0.002122062,0.001254817,0.007766348,0.002860721,0.004103497,0.004734509,0.042027916,0.01074742,0.013049425,0.004959834,0.003516168,0.010211079,0.025026027,0.053698313,0.00844928,0.005944126,0.001504446,0.001581038,0.002891227,0.001486139,0.001862645,0.000474585,0.002708418,0.001904771,0.017335959,0.007314236,0.012526212,0.014061357,0.019069552,0.008193117,0.009328594,0.000947289,0.028945365,0.018828529,0.188664292,0,0.069016005,0.243322712,0.029926745,0.011834998,0.019711555,0.011723405,0.002764679,0.006542753,0.003982887,0.00434285,0.012744919,0.002719717,0.00113858,0.005145465,0.002245562,0.001045325,0.006124745,0.003665759,0.002952565,0.005152876,0.003827336,0.001625105,0.001813812,0.002059043,0.000892029,0.000349726,2.22E-05
0.000908871,0.005873535,0.004648678,0.002907584,0.019600267,0.006753126,0.012099944,0.005908069,0.055792434,0.010321048,0.01527155,0.005374012,0.003545139,0.009583195,0.020116345,0.056379815,0.035751681,0.024542629,0.004776649,0.004311979,0.006690972,0.003439772,0.004940685,0.001355102,0.007914371,0.006426404,0.113678233,0.016082719,0.005664594,0.007891697,0.011710245,0.006678172,0.008996428,0.000743887,0.008609923,0.004250809,0.033090529,0.010971638,0,0.068391774,0.04618492,0.096666468,0.05280176,0.046363453,0.007757233,0.015453573,0.010398775,0.01222668,0.028252906,0.005727582,0.002027385,0.008671555,0.002411626,0.002287811,0.007014725,0.003804177,0.003303431,0.005191885,0.003988508,0.001894596,0.002024037,0.002224352,0.000925366,0.000381121,2.16E-05
0.000781601,0.004251485,0.003293361,0.00192096,0.011821679,0.004030273,0.005488467,0.005394481,0.045688732,0.011877683,0.015521601,0.006305039,0.004336587,0.011957867,0.025870945,0.050351061,0.011701665,0.009506291,0.002423713,0.002557512,0.004657323,0.002452359,0.003093587,0.000819772,0.004822936,0.003276868,0.030496073,0.007802054,0.008538816,0.012411688,0.019478852,0.00928635,0.011557456,0.001162729,0.0248904,0.011373494,0.077026868,0.076501772,0.135260521,0,0.106382194,0.026075434,0.047617748,0.024043043,0.005035661,0.01161776,0.007509358,0.008728766,0.02541017,0.005035747,0.002042218,0.008817185,0.002956025,0.001587988,0.00755436,0.005005823,0.003945313,0.00662239,0.004925066,0.002218854,0.002408942,0.002837933,0.001134101,0.000466536,3.05E-05
0.000931888,0.00502187,0.003786503,0.002125911,0.012724033,0.003755275,0.004374575,0.0038478,0.029910488,0.008303651,0.011902004,0.005347307,0.003517113,0.009027529,0.016704926,0.027288302,0.009101981,0.010184038,0.002807819,0.003089634,0.005749323,0.003194263,0.003987537,0.001139713,0.007177136,0.004340741,0.035773022,0.003867591,0.003641937,0.006752237,0.012212893,0.006688234,0.009414332,0.000914503,0.011404759,0.004328121,0.023948388,0.010486953,0.10180483,0.118568668,0,0.043765048,0.18633551,0.046912688,0.008001683,0.017934635,0.013268415,0.018084213,0.05431152,0.008804039,0.003334196,0.01293026,0.002638433,0.001746429,0.006123261,0.004704836,0.003608015,0.005689091,0.004246505,0.002101408,0.002182425,0.00271492,0.000960892,0.000425065,2.87E-05
0.000755573,0.00504264,0.00387392,0.002330338,0.015254728,0.004209784,0.00543285,0.002875808,0.023811776,0.005225004,0.008202767,0.003218367,0.002055721,0.005259749,0.00977144,0.020148017,0.013165813,0.019619815,0.004356833,0.00405082,0.006154682,0.003364998,0.005040185,0.001590477,0.010345821,0.007688377,0.129521325,0.003519556,0.002049769,0.003540094,0.005905754,0.003595275,0.005260117,0.000431866,0.00408492,0.001777859,0.011388898,0.003726598,0.191469044,0.026114823,0.039326196,0,0.096761619,0.13606336,0.010637568,0.018098648,0.014812881,0.021354377,0.038414949,0.00677465,0.002078439,0.008174553,0.001507513,0.001804437,0.004004714,0.002470782,0.002102745,0.003158351,0.002428611,0.001239268,0.001278873,0.001463682,0.000555573,0.000242,1.40E-05
0.001020908,0.005802603,0.004273614,0.002342291,0.013842591,0.003551174,0.003681002,0.002811165,0.021102999,0.005725764,0.008871699,0.004038969,0.002559245,0.006309545,0.010825099,0.017262011,0.007504674,0.011367057,0.00339534,0.003849705,0.007075068,0.004168646,0.005337972,0.001712904,0.011986569,0.006254641,0.042964209,0.002357909,0.001980844,0.003923955,0.007273356,0.004424756,0.00674407,0.000596228,0.005318482,0.00205168,0.011351219,0.003915548,0.065977887,0.030085114,0.105627607,0.061042233,0,0.134414033,0.014665129,0.029138868,0.028290308,0.057526261,0.138752661,0.015565836,0.004653303,0.015842778,0.002012511,0.001890094,0.004638569,0.003565329,0.002817853,0.004189217,0.003173435,0.001687421,0.001698271,0.002107002,0.000713912,0.000327883,2.10E-05
0.001012359,0.006916385,0.00511031,0.002897478,0.017916322,0.004055927,0.004014908,0.002399418,0.018219926,0.004462867,0.00734034,0.00311494,0.001934722,0.004743201,0.008070286,0.013932252,0.008303235,0.018333041,0.005527219,0.005824449,0.009126004,0.005451657,0.008304643,0.003208135,0.025759434,0.013643439,0.084314206,0.001951663,0.001403174,0.002744141,0.004914575,0.003173323,0.004964028,0.000397873,0.003116778,0.001273755,0.007402031,0.002256371,0.056132049,0.014718291,0.025766608,0.083167491,0.130235607,0,0.030620754,0.039119274,0.046762538,0.101631078,0.091756071,0.014232785,0.00345575,0.012380059,0.001505092,0.002229961,0.003748638,0.002525556,0.00213536,0.003075108,0.002372879,0.001289562,0.001291207,0.001517415,0.000537136,0.000244727,1.42E-05
0.001123143,0.008672624,0.005906206,0.002965901,0.016233988,0.00274371,0.001979782,0.001324433,0.009215174,0.002455827,0.004334568,0.001952616,0.001165701,0.00272426,0.004223338,0.006305408,0.003503069,0.00977186,0.004908251,0.007558256,0.013820053,0.010486642,0.015909138,0.010859105,0.235542261,0.016397606,0.024492456,0.000738615,0.000606798,0.00131962,0.002490435,0.001747411,0.002963377,0.000221054,0.001373515,0.000545535,0.002980832,0.000821329,0.014496324,0.004758174,0.006783662,0.010036232,0.021932441,0.047264146,0,0.164232409,0.143239444,0.035541829,0.057900204,0.019963541,0.003537928,0.012803902,0.000962113,0.002263835,0.002308541,0.00160883,0.001400246,0.001895316,0.001481324,0.000872958,0.000842652,0.000990346,0.000332481,0.000158496,8.73E-06
0.002924325,0.01883786,0.01189098,0.005220922,0.025405199,0.004235908,0.00278868,0.002185774,0.014485449,0.00420441,0.007541375,0.003655264,0.00214212,0.004860407,0.00714311,0.009650975,0.00468573,0.011289226,0.005901984,0.010799337,0.030035985,0.028291241,0.02404144,0.009044037,0.065832731,0.013170059,0.025287365,0.001046938,0.000944951,0.002174901,0.004272516,0.003091278,0.005474523,0.000403696,0.002260332,0.000873288,0.004583741,0.001237465,0.018385683,0.006988855,0.009679997,0.01087112,0.027744284,0.038442048,0.104558335,0,0.121003868,0.032547184,0.097494261,0.069850835,0.011166219,0.04049897,0.00185461,0.004223175,0.004172446,0.003172206,0.002734706,0.00358645,0.002805665,0.001740883,0.001636867,0.001975792,0.000624049,0.000308899,1.71E-05
0.00113945,0.007274768,0.004963687,0.002455108,0.01327391,0.002517789,0.001931861,0.001415562,0.00981752,0.002734774,0.004706552,0.002211403,0.001328253,0.003096704,0.00478397,0.006911965,0.003476424,0.008103661,0.003525954,0.005110541,0.010504983,0.00768509,0.009392058,0.004189909,0.0438062,0.009053196,0.022322693,0.000810362,0.000695895,0.00152677,0.002935481,0.002023509,0.003421475,0.000265593,0.001684263,0.00065381,0.003505013,0.000997073,0.016375312,0.005979199,0.009478907,0.011776716,0.035652916,0.060823351,0.120703248,0.160160637,0,0.103175268,0.168498997,0.050135045,0.005995495,0.018216581,0.00111272,0.001945006,0.002543361,0.001922781,0.001613629,0.002202439,0.001706675,0.001006545,0.000968251,0.001177876,0.000381214,0.000183964,1.06E-05
0.000840887,0.00519424,0.003683624,0.001928656,0.010990287,0.002340101,0.002032338,0.001453246,0.010428079,0.002834899,0.004710982,0.00217026,0.001328849,0.003164301,0.005086119,0.007718917,0.003868534,0.008114369,0.002969226,0.003735631,0.006980899,0.004563977,0.005965535,0.002359549,0.020940893,0.007088573,0.026876972,0.000965408,0.000802485,0.001691721,0.003198177,0.002115392,0.003445945,0.000278975,0.001975703,0.000769293,0.004194866,0.001258578,0.022289081,0.008045801,0.014955987,0.019653859,0.083926629,0.153029459,0.034671477,0.049870785,0.119440565,0,0.255026387,0.025072752,0.004412531,0.013507771,0.001085552,0.001527752,0.0025054,0.001888939,0.00155429,0.002187916,0.001682783,0.000954757,0.000934412,0.001142431,0.000377073,0.000178447,1.07E-05
0.001470287,0.007708033,0.00536419,0.002671589,0.014453175,0.003167314,0.002633658,0.002205533,0.015242903,0.004538497,0.007484066,0.003727358,0.0022697,0.005294172,0.008175921,0.011209325,0.004817258,0.008909126,0.003371748,0.004565369,0.009906696,0.006597118,0.007293478,0.002483622,0.018997849,0.00678478,0.026101375,0.00130483,0.001215018,0.002708131,0.005367431,0.003575472,0.005975251,0.00049886,0.003313271,0.001233033,0.00637641,0.001911619,0.026656663,0.012122245,0.023246973,0.018298698,0.104769283,0.071505975,0.029232886,0.077316261,0.100956104,0.131990944,0,0.095240691,0.014773193,0.035086946,0.001932245,0.002194293,0.004119462,0.003519009,0.002776288,0.003871751,0.002955343,0.001724438,0.001659715,0.002130417,0.000655843,0.000320627,2.02E-05
0.001777153,0.008632123,0.005726893,0.00263598,0.01330751,0.002658732,0.001952214,0.001711725,0.011346055,0.003505349,0.006019508,0.003111268,0.001846656,0.004182093,0.006127871,0.007898475,0.003376317,0.006687535,0.002889821,0.004459871,0.011446147,0.008470988,0.007805253,0.002537371,0.018394643,0.005664931,0.016886595,0.000858147,0.000826246,0.001930381,0.003910637,0.002746745,0.004829528,0.000382309,0.002196782,0.000816892,0.004153062,0.001170002,0.015499321,0.006890299,0.010808244,0.00925562,0.033710392,0.031812376,0.028908654,0.158877393,0.086153988,0.037218575,0.273162608,0,0.031471763,0.057480701,0.00163556,0.00220538,0.003396771,0.002971981,0.002392256,0.003195652,0.002460854,0.001520677,0.001424957,0.001832588,0.000542998,0.000273962,1.66E-05
0.0026112,0.009684026,0.006423309,0.002866978,0.01397381,0.002978534,0.002130777,0.002176176,0.013840809,0.004707614,0.008069738,0.004598376,0.002695085,0.005918629,0.008210694,0.0095112,0.003572542,0.006297176,0.002655629,0.004111822,0.011583028,0.007971346,0.006645449,0.001818722,0.011390767,0.004439314,0.015061736,0.000964885,0.00102355,0.002542734,0.005422984,0.003901055,0.007161414,0.000576273,0.002938919,0.001052524,0.005101034,0.001408244,0.015773519,0.008033915,0.011768343,0.008164074,0.028973687,0.0222075,0.014729581,0.073020994,0.029621706,0.018832006,0.121821563,0.090484075,0,0.312537238,0.002536582,0.002503769,0.004753324,0.004883426,0.003744986,0.004884561,0.003735948,0.002430836,0.002212312,0.003035753,0.000813405,0.000431196,2.76E-05
0.00684793,0.019673297,0.012846166,0.005461553,0.025400768,0.005406302,0.003612832,0.004012272,0.024529157,0.008816332,0.015530059,0.009428771,0.005388426,0.011450871,0.015047136,0.016269235,0.005838109,0.010063692,0.004374253,0.007043253,0.022013562,0.014677325,0.011082787,0.002723997,0.015690099,0.006687581,0.022416935,0.001560628,0.001726685,0.004481281,0.009809586,0.00739149,0.014307392,0.001102597,0.004929481,0.00175778,0.008367035,0.002218535,0.023518897,0.012091572,0.015909593,0.011193381,0.034387557,0.027733684,0.018582806,0.092323681,0.031374691,0.020096483,0.100860916,0.057610373,0.108950524,0,0.005350507,0.004940243,0.009462831,0.010444097,0.008055431,0.010025339,0.007712635,0.005384288,0.004729175,0.006632954,0.001663877,0.000921889,5.74E-05
0.000260443,0.000938723,0.000732815,0.000385836,0.001993426,0.000699927,0.00049187,0.001453078,0.006327273,0.005416317,0.009765613,0.047793764,0.016338592,0.014849335,0.00786096,0.003587761,0.000698702,0.000764797,0.000269268,0.000352467,0.00084879,0.000412499,0.000417121,8.94E-05,0.000462776,0.000299983,0.001528494,0.000226822,0.000389457,0.001583072,0.004810855,0.007208331,0.052763842,0.001012324,0.001112768,0.000388067,0.001566663,0.000320158,0.002162857,0.001340475,0.001073484,0.000682584,0.001444462,0.001114925,0.000461735,0.00139804,0.000633718,0.000534053,0.001836696,0.000542054,0.000292398,0.001769264,0,0.000365165,0.011021712,0.024818249,0.200738418,0.136760394,0.160796637,0.023157463,0.157390912,0.015496153,0.015016668,0.042672416,5.67E-05
0.003319439,0.092608515,0.192193749,0.212779333,0.169904065,0.012215272,0.003357581,0.002665243,0.015839538,0.004262545,0.009279588,0.003698103,0.002055977,0.004601758,0.006422616,0.00845405,0.004302773,0.010249465,0.007041435,0.015457775,0.044855627,0.011314936,0.012540655,0.001577552,0.006108602,0.004997948,0.01302888,0.000757697,0.000691711,0.00167886,0.003164101,0.002601351,0.004863747,0.00028526,0.001331782,0.00054896,0.002941807,0.000678322,0.009338621,0.003277499,0.00323404,0.003718618,0.00617442,0.007518388,0.004944888,0.014489416,0.005041691,0.003420833,0.009493242,0.003326632,0.001313604,0.007435171,0.00166201,0,0.00492384,0.002346106,0.00251159,0.003104433,0.002560079,0.001592175,0.001530299,0.001498938,0.000584293,0.000271218,1.13E-05
0.000652332,0.002890488,0.002368394,0.001363999,0.007486561,0.003277094,0.00228222,0.013467962,0.039830002,0.055614423,0.249239695,0.08453973,0.049417288,0.099932822,0.047721269,0.017715409,0.002952696,0.002838987,0.0009474,0.001166295,0.002571723,0.001185624,0.001290416,0.000269139,0.001358537,0.000964296,0.00529057,0.000919883,0.001596109,0.006594337,0.015334266,0.025271825,0.065431548,0.001427009,0.00314445,0.001269303,0.005619238,0.001030521,0.007424339,0.004042757,0.002940097,0.002139912,0.003928992,0.003277068,0.001307476,0.00371182,0.001709416,0.00145459,0.004621096,0.001328532,0.000646624,0.003692736,0.013007038,0.001276699,0,0.009258464,0.016522673,0.028465401,0.028407302,0.007340555,0.011428255,0.005558518,0.008490247,0.001707433,3.81E-05
0.000677688,0.00231479,0.001766162,0.000905193,0.00463991,0.001515295,0.001107268,0.002665305,0.012956475,0.009160258,0.014804826,0.026805968,0.01432895,0.020474319,0.015092385,0.007987556,0.001640872,0.001863894,0.000660645,0.000876215,0.002150393,0.001081523,0.00107153,0.000235777,0.001246191,0.000773415,0.003890674,0.000547528,0.000927269,0.003597423,0.011387436,0.013113699,0.051270844,0.003156001,0.003126946,0.001016579,0.003973454,0.00086061,0.005617996,0.003737912,0.003152079,0.001842182,0.004213765,0.003080652,0.001271393,0.003937597,0.001803197,0.001530224,0.005508058,0.001621905,0.000926943,0.005686848,0.040867131,0.000848801,0.012918514,0,0.052126324,0.068167836,0.040503482,0.027838927,0.026817684,0.423611404,0.00667173,0.009143026,0.000883125
0.000211697,0.000734652,0.000572131,0.000297465,0.001514012,0.000520477,0.00035222,0.000986355,0.004322017,0.003389525,0.006504918,0.024670787,0.007877604,0.008213064,0.00486445,0.002426045,0.000497736,0.000561267,0.000201334,0.000267449,0.000657102,0.000318537,0.000317357,6.74E-05,0.000347195,0.000223769,0.001109621,0.000156832,0.000258061,0.001002257,0.00289682,0.003989725,0.022202624,0.000554014,0.000721811,0.000253824,0.001045715,0.000216724,0.001525287,0.000921087,0.000755764,0.000490174,0.001041249,0.000814371,0.000345971,0.001061319,0.000473132,0.000393672,0.001358652,0.000408181,0.000222251,0.001371371,0.103347262,0.000284101,0.007208077,0.016297559,0,0.035068379,0.038062525,0.050355488,0.581109878,0.012416746,0.00531702,0.033990128,3.58E-05
0.000256306,0.000970463,0.000759773,0.000406648,0.002144028,0.000773395,0.000575017,0.001819925,0.007916152,0.007717051,0.012287379,0.056629723,0.03310178,0.026113161,0.011591202,0.004581668,0.000824284,0.000864311,0.000296335,0.000380065,0.000890614,0.000434368,0.000448245,9.73E-05,0.000507151,0.000331417,0.00175585,0.000280272,0.000515148,0.00226086,0.007535382,0.013253602,0.183307086,0.001880829,0.001525148,0.00052495,0.002049268,0.000409386,0.002594697,0.001673436,0.001289841,0.000796892,0.0016755,0.001269366,0.000506865,0.001506522,0.000698969,0.000599803,0.002050814,0.000590173,0.000313758,0.001847313,0.076208622,0.000380085,0.013441004,0.023068548,0.037956922,0,0.354904521,0.00994492,0.026464448,0.011524467,0.034365324,0.006242423,6.93E-05
0.000206804,0.000782745,0.000615566,0.000330132,0.001734334,0.000632295,0.00045736,0.001501278,0.006314953,0.006238975,0.010815121,0.092347869,0.033350347,0.020946378,0.008821139,0.00354081,0.000646496,0.000681293,0.000235139,0.000302468,0.000711166,0.000343884,0.00035442,7.62E-05,0.000394471,0.000259655,0.001362406,0.000214647,0.000385205,0.001654748,0.005193318,0.00913642,0.117830639,0.001062983,0.001074566,0.000378874,0.001514062,0.000300985,0.001973044,0.001231888,0.000952993,0.000606543,0.001256336,0.000969542,0.000392126,0.001166571,0.000536129,0.000456637,0.0015495,0.000449853,0.000237539,0.001406725,0.088692208,0.000310254,0.01327728,0.013567439,0.040779098,0.351298482,0,0.00914689,0.032850989,0.007578868,0.091024501,0.005498293,4.02E-05
0.000835247,0.002717065,0.002099062,0.001067301,0.005320688,0.001755235,0.001146335,0.002911856,0.013132228,0.009152309,0.018044926,0.043308288,0.015708861,0.01945662,0.013320393,0.007407739,0.001623119,0.001907937,0.000701128,0.000951251,0.002408198,0.00117111,0.00113971,0.000240252,0.001234662,0.000784011,0.003751583,0.000497011,0.000780071,0.002876846,0.007982015,0.009910887,0.042826809,0.00143813,0.002181522,0.000767213,0.003214578,0.000681806,0.005000053,0.002960871,0.002515939,0.001651203,0.003563947,0.002811026,0.001232822,0.003861683,0.001686878,0.001382188,0.004823507,0.001483043,0.000824558,0.005239215,0.068144555,0.001029405,0.018303735,0.049749609,0.287818375,0.052516734,0.048798353,0,0.11306223,0.047123941,0.008161568,0.019689844,0.000110718
0.00014742,0.000519887,0.000406271,0.000212544,0.001086269,0.000378468,0.000256518,0.000743125,0.003207067,0.002600515,0.005046473,0.023161886,0.006662144,0.006504698,0.003673838,0.001784059,0.00036094,0.000403105,0.000143965,0.000190363,0.000464596,0.000224414,0.000224866,4.77E-05,0.000245385,0.00015914,0.000794462,0.000113891,0.000188778,0.000740633,0.002139535,0.003045722,0.018148518,0.000400053,0.000520142,0.000184046,0.00075893,0.000156009,0.001095099,0.000659013,0.000535681,0.000349333,0.000735346,0.000577026,0.000243968,0.000744384,0.000332671,0.000277325,0.000951756,0.000284902,0.000153847,0.000943409,0.094950391,0.000202838,0.005842082,0.009825064,0.680936929,0.028650763,0.035929986,0.023178988,0,0.007042872,0.004906244,0.014580448,2.33E-05
0.000582246,0.001921612,0.00146337,0.00074249,0.003760713,0.001211464,0.000858142,0.002024607,0.009776652,0.006677508,0.011328066,0.020718508,0.01021089,0.014371679,0.0107259,0.005929544,0.001262404,0.001465747,0.00052758,0.000708231,0.001767989,0.000886788,0.000867308,0.000189124,0.000994367,0.000615043,0.00302319,0.000410113,0.000671966,0.002531946,0.007652093,0.008745182,0.033917802,0.001826773,0.002171488,0.000719033,0.00287304,0.000625293,0.004249128,0.002741141,0.002352801,0.001411628,0.003221152,0.002394229,0.001012353,0.003172392,0.001428857,0.001197133,0.004313385,0.001293659,0.000745367,0.00467179,0.033006728,0.000701483,0.010032479,0.547952893,0.051370987,0.04405099,0.029266744,0.034109865,0.024866304,0,0.004826561,0.008504781,0.000349279
0.000161819,0.000628437,0.000496827,0.000269288,0.00142615,0.000532648,0.000388288,0.001372531,0.005591533,0.006064576,0.010546265,0.15117783,0.056521494,0.023255967,0.008238943,0.003080443,0.000544822,0.00056303,0.000192609,0.00024564,0.000570731,0.000274521,0.000285719,6.13E-05,0.000316904,0.000210818,0.001120497,0.000181715,0.000331532,0.001458353,0.004548515,0.008803218,0.149886465,0.00083833,0.000891768,0.000319349,0.001280275,0.000250151,0.001632357,0.001011547,0.000768968,0.000494789,0.001007851,0.000782619,0.000313847,0.000925273,0.000427034,0.000364874,0.001226192,0.000353963,0.000184423,0.001082189,0.029536392,0.000252505,0.014150599,0.007969284,0.020313451,0.121299929,0.3245889,0.005455283,0.015996166,0.004457005,0,0.002448938,2.63E-05
0.000223303,0.000780139,0.000605698,0.000315187,0.001613115,0.000552856,0.00038382,0.001064684,0.004744188,0.003768498,0.006840032,0.024155284,0.008962835,0.009442401,0.005571274,0.002717046,0.000547849,0.000612799,0.000218131,0.000288447,0.0007046,0.000344028,0.00034383,7.36E-05,0.000381679,0.000244814,0.00122702,0.000176066,0.000295509,0.001167187,0.003495022,0.004835764,0.028397354,0.000741377,0.000859004,0.000297352,0.001205533,0.000250409,0.001716578,0.001062475,0.000868536,0.000550291,0.001181868,0.000910431,0.000382003,0.001169409,0.000526168,0.000440885,0.001530584,0.000455983,0.000249622,0.001530944,0.214303786,0.000299266,0.007266025,0.02788493,0.331563667,0.056259004,0.050061281,0.033603514,0.121376996,0.020052437,0.006252828,0,5.27E-05
0.000974906,0.00343185,0.002603953,0.001339883,0.006957864,0.002251134,0.001734233,0.003936217,0.02011944,0.01356571,0.020254347,0.0277585,0.016999998,0.02849833,0.024004351,0.013065363,0.002637428,0.002959018,0.00103058,0.001351633,0.003263129,0.001668416,0.001670374,0.00037602,0.002018085,0.001236976,0.006384256,0.000918826,0.001602142,0.006238299,0.020801229,0.02087924,0.061850591,0.00700992,0.006130835,0.001885687,0.007091488,0.001571484,0.009623529,0.006871935,0.005805145,0.003155212,0.007489649,0.005228865,0.002083227,0.006400742,0.003014396,0.002612685,0.009570283,0.002740103,0.001582579,0.009439571,0.028213876,0.00123965,0.016060107,0.266786421,0.034587122,0.061830748,0.036227052,0.018716451,0.019198646,0.081571449,0.006656846,0.005221975,0
